<?xml version="1.0" encoding="UTF-8"?>
<!DOCTYPE hibernate-configuration PUBLIC
          "-//Hibernate/Hibernate Configuration DTD 3.0//EN"
          "http://hibernate.sourceforge.net/hibernate-configuration-3.0.dtd">
<hibernate-configuration>
	<session-factory>
		<property name="show_sql">true</property>
		<property name="dialect">org.hibernate.dialect.MySQLDialect</property>
		<property name="hibernate.cache.provider_class">com.googlecode.hibernate.memcached.MemcachedCacheProvider</property>
		<property name="hibernate.cache.use_query_cache">true</property>
		<property name="hibernate.memcached.servers">localhost:14001</property>

		<mapping class="br.com.objectzilla.hibernateMemcached.ProductDescription" />
	</session-factory>

</hibernate-configuration>

