<?xml version="1.0" encoding="UTF-8"?>
<beans xmlns="http://www.springframework.org/schema/beans"
	xmlns:xsi="http://www.w3.org/2001/XMLSchema-instance" xmlns:tx="http://www.springframework.org/schema/tx"
	xsi:schemaLocation="http://www.springframework.org/schema/beans 
       http://www.springframework.org/schema/beans/spring-beans-2.5.xsd
       http://www.springframework.org/schema/tx http://www.springframework.org/schema/tx/spring-tx-2.5.xsd">

	<tx:annotation-driven transaction-manager="txManager"/>

	<bean
		class="org.springframework.beans.factory.config.PropertyPlaceholderConfigurer">
		<property name="locations">
			<value>all.properties</value>
		</property>
	</bean>

	<bean id="dataSource" destroy-method="close"
		class="org.apache.commons.dbcp.BasicDataSource">
		<property name="driverClassName" value="${jdbc.driverClassName}" />
		<property name="url" value="${jdbc.url}" />
		<property name="username" value="${jdbc.username}" />
	</bean>

	<bean id="txManager"
		class="org.springframework.jdbc.datasource.DataSourceTransactionManager">
		<property name="dataSource" ref="dataSource" />
	</bean>

	<bean id="socketAddress" class="java.net.InetSocketAddress">
		<constructor-arg type="java.lang.String" value="${memcached.host}" />
		<constructor-arg type="int" value="${memcached.port}" />
	</bean>

	<bean id="memcachedClient" class="net.spy.memcached.MemcachedClient">
		<constructor-arg ref="socketAddress" />
	</bean>

	<bean id="productDescriptionRepository"
		class="br.com.objectzilla.testeDaoMemcached.ProductDescriptionCacheDecorator">
		<property name="memcachedClient" ref="memcachedClient" />
		<property name="expiration" value="${memcached.expiration}" />
		<property name="other" ref="productDescriptionDAO" />
	</bean>

	<bean id="productDescriptionDAO"
		class="br.com.objectzilla.testeDaoMemcached.ProductDescriptionDAO">
		<property name="dataSource" ref="dataSource" />
	</bean>
</beans>
